"Rank","WSID","Name","Team","Pos","Bye","Best","Worst","Avg","Std Dev","ADP","vs. ADP"
"1","","Todd Gurley","LAR","RB1","12","1","7","2.0","1.2","1.0","0.0"
"2","","Le'Veon Bell","PIT","RB2","7","1","7","2.0","1.3","2.0","0.0"
"3","","David Johnson","ARI","RB3","9","1","11","3.5","1.9","3.0","0.0"
"4","","Antonio Brown","PIT","WR1","7","1","9","4.5","1.7","5.0","+1.0"
"5","","Ezekiel Elliott","DAL","RB4","8","1","17","6.0","2.9","4.0","-1.0"
"6","","Alvin Kamara","NO","RB5","6","3","23","7.7","4.0","6.0","0.0"
"7","","DeAndre Hopkins","HOU","WR2","10","1","24","8.0","3.1","8.0","+1.0"
"8","","Odell Beckham Jr.","NYG","WR3","9","3","14","8.4","2.7","11.0","+3.0"
"9","","Saquon Barkley","NYG","RB6","9","2","21","9.1","3.8","7.0","-2.0"
"10","","Julio Jones","ATL","WR4","8","2","19","10.5","2.9","13.0","+3.0"
"11","","Michael Thomas","NO","WR5","6","7","19","12.2","2.9","16.0","+5.0"
"12","","Melvin Gordon","LAC","RB7","8","4","32","12.7","5.2","10.0","-2.0"
"13","","Keenan Allen","LAC","WR6","8","5","20","13.2","3.2","17.0","+4.0"
"14","","Kareem Hunt","KC","RB8","12","6","35","14.7","5.8","9.0","-5.0"
"15","","A.J. Green","CIN","WR7","9","6","26","16.0","3.0","20.0","+5.0"
"16","","Christian McCaffrey","CAR","RB9","4","5","67","17.0","7.8","15.0","-1.0"
"17","","Leonard Fournette","JAC","RB10","9","9","43","17.0","6.2","12.0","-5.0"
"18","","Davante Adams","GB","WR8","7","9","38","17.3","5.0","18.0","0.0"
"19","","Dalvin Cook","MIN","RB11","10","7","39","20.8","5.9","14.0","-5.0"
"20","","Rob Gronkowski","NE","TE1","11","14","53","22.9","6.2","21.0","+1.0"
"21","","Mike Evans","TB","WR9","5","15","41","23.0","5.3","22.0","+1.0"
"22","","Devonta Freeman","ATL","RB12","8","13","71","24.0","8.4","19.0","-3.0"
"23","","T.Y. Hilton","IND","WR10","9","13","47","25.2","5.7","29.0","+6.0"
"24","","Doug Baldwin","SEA","WR11","7","17","49","26.9","5.3","33.0","+9.0"
"25","","Stefon Diggs","MIN","WR12","10","11","50","27.4","7.1","31.0","+6.0"
"26","","Larry Fitzgerald","ARI","WR13","9","3","46","28.1","6.7","34.0","+8.0"
"27","","Travis Kelce","KC","TE2","12","17","59","28.2","7.7","26.0","-1.0"
"28","","Adam Thielen","MIN","WR14","10","10","61","28.8","8.0","32.0","+4.0"
"29","","Tyreek Hill","KC","WR15","12","13","50","30.3","6.1","28.0","-1.0"
"30","","Jerick McKinnon","SF","RB13","11","15","80","31.3","13.6","27.0","-3.0"
"31","","Joe Mixon","CIN","RB14","9","15","73","32.1","11.0","23.0","-8.0"
"32","","Jordan Howard","CHI","RB15","5","17","89","33.7","10.5","24.0","-8.0"
"33","","Amari Cooper","OAK","WR16","7","15","88","34.0","9.3","35.0","+2.0"
"34","","Demaryius Thomas","DEN","WR17","10","13","69","36.5","8.9","41.0","+7.0"
"35","","Jarvis Landry","CLE","WR18","11","23","74","37.0","8.8","38.0","+3.0"
"36","","Zach Ertz","PHI","TE3","9","14","70","37.5","9.1","36.0","0.0"
"37","","LeSean McCoy","BUF","RB16","11","11","104","38.5","16.2","25.0","-12.0"
"38","","Golden Tate","DET","WR19","6","22","77","38.5","9.2","45.0","+7.0"
"39","","Aaron Rodgers","GB","QB1","7","28","73","39.1","7.0","30.0","-9.0"
"40","","Alex Collins","BAL","RB17","10","22","83","45.0","12.9","39.0","-1.0"
"41","","Kenyan Drake","MIA","RB18","11","18","104","45.0","15.1","37.0","-4.0"
"42","","Allen Robinson","CHI","WR20","5","27","148","45.3","18.3","47.0","+5.0"
"43","","JuJu Smith-Schuster","PIT","WR21","7","29","83","46.7","10.3","42.0","-1.0"
"44","","Brandin Cooks","LAR","WR22","12","25","91","50.5","12.1","43.0","-1.0"
"45","","Lamar Miller","HOU","RB19","10","30","107","51.7","14.7","50.0","+5.0"
"46","","Marvin Jones","DET","WR23","6","33","92","52.4","10.1","55.0","+9.0"
"47","","Josh Gordon","CLE","WR24","11","14","96","52.8","16.4","49.0","+2.0"
"48","","Russell Wilson","SEA","QB2","7","32","260","54.3","25.4","53.0","+5.0"
"49","","Tom Brady","NE","QB3","11","31","75","52.9","10.7","51.0","+2.0"
"50","","Chris Hogan","NE","WR25","11","32","131","55.1","19.1","56.0","+6.0"
"51","","Corey Davis","TEN","WR26","8","21","91","55.2","13.9","59.0","+8.0"
"52","","Jay Ajayi","PHI","RB20","9","23","105","55.9","15.1","46.0","-6.0"
"53","","Royce Freeman","DEN","RB21","10","25","120","57.1","16.7","44.0","-9.0"
"54","","Michael Crabtree","BAL","WR27","10","34","100","58.4","15.0","64.0","+10.0"
"55","","Dion Lewis","TEN","RB22","8","39","123","58.5","16.1","57.0","+2.0"
"56","","Cam Newton","CAR","QB4","4","32","95","57.7","13.3","62.0","+6.0"
"57","","Emmanuel Sanders","DEN","WR28","10","39","122","61.2","13.8","70.0","+13.0"
"58","","Derrick Henry","TEN","RB23","8","31","103","62.3","16.2","40.0","-18.0"
"59","","Deshaun Watson","HOU","QB5","10","35","116","62.0","12.7","48.0","-11.0"
"60","","Greg Olsen","CAR","TE4","4","18","129","63.6","15.8","58.0","-2.0"
"61","","Mark Ingram","NO ","RB24","6","37","140","64.5","19.8","52.0","-9.0"
"62","","Sammy Watkins","KC","WR29","12","27","124","68.9","17.3","76.0","+14.0"
"63","","Jamison Crowder","WAS","WR30","4","44","107","69.0","13.7","88.0","+25.0"
"64","","Alshon Jeffery","PHI","WR31","9","36","108","67.4","16.9","60.0","-4.0"
"65","","Rex Burkhead","NE","RB25","11","33","153","70.1","23.3","68.0","+3.0"
"66","","Delanie Walker","TEN","TE5","8","22","112","70.8","13.7","74.0","+8.0"
"67","","Jimmy Graham","GB","TE6","7","27","124","70.9","16.8","54.0","-13.0"
"68","","Drew Brees","NO","QB6","6","46","107","70.3","13.2","71.0","+3.0"
"69","","Marquise Goodwin","SF","WR32","11","31","150","70.6","21.0","66.0","-3.0"
"70","","Evan Engram","NYG","TE7","9","27","134","74.3","16.2","63.0","-7.0"
"71","","Marshawn Lynch","OAK","RB26","7","44","130","76.3","18.4","61.0","-10.0"
"72","","Robby Anderson","NYJ","WR33","11","39","128","78.0","17.2","97.0","+25.0"
"73","","Cooper Kupp","LAR","WR34","12","44","126","76.6","15.5","91.0","+18.0"
"74","","Robert Woods","LAR","WR35","12","42","165","80.5","23.2","83.0","+9.0"
"75","","Tevin Coleman","ATL","RB27","8","33","134","77.7","19.7","67.0","-8.0"
"76","","Pierre Garcon","SF","WR36","11","47","134","79.7","18.5","93.0","+17.0"
"77","","Randall Cobb","GB","WR37","7","42","144","80.2","22.4","95.0","+18.0"
"78","","Chris Thompson","WAS","RB28","4","40","247","79.8","27.4","80.0","+2.0"
"79","","Kyle Rudolph","MIN","TE8","10","41","133","82.7","16.5","78.0","-1.0"
"80","","Carson Wentz","PHI","QB7","9","37","152","81.5","22.8","73.0","-7.0"
"81","","Kirk Cousins","MIN","QB8","10","46","120","81.8","16.0","94.0","+13.0"
"82","","Kerryon Johnson","DET","RB29","6","32","174","83.9","23.2","72.0","-10.0"
"83","","Duke Johnson","CLE","RB30","11","26","185","84.9","27.7","84.0","+1.0"
"84","","Devin Funchess","CAR","WR38","4","44","141","84.6","16.4","85.0","+1.0"
"85","","Carlos Hyde","CLE","RB31","11","38","128","85.1","23.5","65.0","-20.0"
"86","","Trey Burton","CHI","TE9","5","31","144","88.6","20.0","89.0","+3.0"
"87","","Matthew Stafford","DET","QB9","6","54","149","87.9","17.0","99.0","+12.0"
"88","","Julian Edelman","NE ","WR39","11","43","135","85.1","18.7","69.0","-19.0"
"89","","Andrew Luck","IND","QB10","9","47","179","88.1","19.6","96.0","+7.0"
"90","","Nelson Agholor","PHI","WR40","9","51","138","89.8","16.9","106.0","+16.0"
"91","","Will Fuller","HOU","WR41","10","63","127","90.9","14.7","77.0","-14.0"
"92","","Tarik Cohen","CHI","RB32","5","39","156","86.9","22.7","81.0","-11.0"
"93","","Jordan Reed","WAS","TE10","4","41","165","93.2","17.8","86.0","-7.0"
"94","","Sony Michel","NE","RB33","11","51","147","92.2","21.7","79.0","-15.0"
"95","","Jordy Nelson","OAK","WR42","7","39","151","92.4","18.8","92.0","-3.0"
"96","","Kenny Stills","MIA","WR43","11","46","204","96.9","25.2","115.0","+19.0"
"97","","Ben Roethlisberger","PIT","QB11","7","50","150","98.3","16.7","102.0","+5.0"
"98","","Rashaad Penny","SEA","RB34","7","38","168","96.0","24.5","75.0","-23.0"
"99","","Jamaal Williams","GB","RB35","7","47","169","96.8","24.9","90.0","-9.0"
"100","","Sterling Shepard","NYG","WR44","9","62","205","100.1","22.7","105.0","+5.0"
"101","","Jack Doyle","IND","TE11","9","57","161","103.1","16.3","104.0","+3.0"
"102","","Chris Carson","SEA","RB36","7","59","163","100.2","23.7","98.0","-4.0"
"103","","Philip Rivers","LAC","QB12","8","65","193","105.4","21.5","108.0","+5.0"
"104","","Isaiah Crowell","NYJ","RB37","11","60","159","104.1","21.4","87.0","-17.0"
"105","","Kelvin Benjamin","BUF","WR45","11","46","203","104.1","21.6","103.0","-2.0"
"106","","Jimmy Garoppolo","SF","QB13","11","59","195","108.3","21.7","101.0","-5.0"
"107","","Marlon Mack","IND","RB38","9","63","165","107.0","23.1","100.0","-7.0"
"108","","Peyton Barber","TB","RB39","5","54","217","110.0","30.0","117.0","+9.0"
"109","","David Njoku","CLE","TE12","11","69","176","115.6","17.8","109.0","0.0"
"110","","Matt Ryan","ATL","QB14","8","63","185","114.8","21.8","107.0","-3.0"
"111","","Patrick Mahomes","KC","QB15","12","48","194","117.8","23.1","114.0","+3.0"
"112","","James White","NE","RB40","11","61","225","112.8","30.8","111.0","-1.0"
"113","","George Kittle","SF","TE13","11","76","202","122.7","22.7","129.0","+16.0"
"114","","Devante Parker","MIA","WR46","11","60","193","116.6","27.9","112.0","-2.0"
"115","","Marcus Mariota","TEN","QB16","8","56","193","125.1","22.2","127.0","+12.0"
"116","","Jared Goff","LAR","QB17","12","71","190","125.6","22.8","118.0","+2.0"
"117","","Allen Hurns","DAL","WR47","8","63","231","119.9","29.7","120.0","+3.0"
"118","","Ronald Jones II","TB","RB41","5","59","181","123.2","24.1","82.0","-36.0"
"119","","Alex Smith","WAS","QB18","4","47","203","128.5","22.1","131.0","+12.0"
"120","","Ty Montgomery","GB","RB42","7","65","208","123.6","27.5","122.0","+2.0"
"121","","Giovani Bernard","CIN","RB43","9","87","192","124.0","19.0","133.0","+12.0"
"122","","Kenny Golladay","DET","WR48","6","85","221","125.0","24.8","143.0","+21.0"
"123","","D.J. Moore","CAR","WR49","4","77","224","126.2","26.9","121.0","-2.0"
"124","","Rishard Matthews","TEN","WR50","8","45","248","130.0","34.2","168.0","+44.0"
"125","","C.J. Anderson","CAR","RB44","4","71","187","133.1","23.8","119.0","-6.0"
"126","","Bilal Powell","NYJ","RB45","11","69","218","129.2","27.7","150.0","+24.0"
"127","","Tyler Lockett","SEA","WR51","7","67","259","131.4","34.4","155.0","+28.0"
"128","","Dak Prescott","DAL","QB19","8","77","202","138.1","23.3","137.0","+9.0"
"129","","Mike Williams","LAC","WR52","8","67","229","133.4","34.2","125.0","-4.0"
"130","","Theo Riddick","DET","RB46","6","56","259","132.9","33.1","145.0","+15.0"
"131","","Tyler Eifert","CIN","TE14","9","70","208","138.6","25.9","134.0","+3.0"
"132","","O.J. Howard","TB","TE15","5","83","249","139.6","26.7","146.0","+14.0"
"133","","Charles Clay","BUF","TE16","11","97","189","139.6","21.2","183.0","+50.0"
"134","","Aaron Jones","GB ","RB47","7","51","241","137.8","33.2","113.0","-21.0"
"135","","Devontae Booker","DEN","RB48","10","88","265","139.2","29.0","142.0","+7.0"
"136","","Keelan Cole","JAC","WR53","9","70","237","136.4","42.6","173.0","+37.0"
"137","","Anthony Miller","CHI","WR54","5","72","252","136.8","32.9","153.0","+16.0"
"138","","Jacksonville (JAC)","","DST1","9","95","258","143.4","25.8","110.0","-28.0"
"139","","Chris Godwin","TB","WR55","5","81","215","139.4","30.9","167.0","+28.0"
"140","","Cameron Meredith","NO","WR56","6","80","224","138.3","30.1","130.0","-10.0"
"141","","Michael Gallup","DAL","WR57","8","76","226","132.1","30.0","140.0","-1.0"
"142","","Josh Doctson","WAS","WR58","4","85","248","137.0","28.5","144.0","+2.0"
"143","","Eric Ebron","IND","TE17","9","91","267","148.7","27.9","184.0","+41.0"
"144","","Cameron Brate","TB","TE18","5","92","202","148.6","22.2","170.0","+26.0"
"145","","Jared Cook","OAK","TE19","7","90","232","148.2","22.2","174.0","+29.0"
"146","","Corey Clement","PHI","RB49","9","82","276","150.7","35.6","149.0","+3.0"
"147","","Nick Chubb","CLE","RB50","11","101","229","150.6","26.2","116.0","-31.0"
"148","","Minnesota (MIN)","","DST2","10","105","260","150.6","25.2","126.0","-22.0"
"149","","Matt Breida","SF","RB51","11","92","247","151.0","27.0","157.0","+8.0"
"150","","Blake Bortles","JAC","QB20","9","61","209","154.6","26.9","196.0","+46.0"
"151","","Calvin Ridley","ATL","WR59","8","75","228","142.9","30.4","124.0","-27.0"
"152","","John Brown","BAL","WR60","10","79","231","146.3","39.5","169.0","+17.0"
"153","","Derek Carr","OAK","QB21","7","84","209","157.2","23.3","136.0","-17.0"
"154","","Benjamin Watson","NO","TE20","6","104","262","159.0","29.8","199.0","+45.0"
"155","","Austin Seferian-Jenkins","JAC","TE21","9","104","205","154.9","26.6","163.0","+8.0"
"156","","Adrian Peterson","WAS","RB52","4","70","313","150.7","49.8","138.0","-18.0"
"157","","Dede Westbrook","JAC","WR61","9","76","242","150.5","33.5","175.0","+18.0"
"158","","Philadelphia (PHI)","","DST3","9","109","282","158.3","27.3","128.0","-30.0"
"159","","Mitch Trubisky","CHI","QB22","5","103","219","159.7","21.1","164.0","+5.0"
"160","","Los Angeles (LAR)","","DST4","12","102","259","158.3","27.3","123.0","-37.0"
"161","","Ricky Seals-Jones","ARI","TE22","9","102","258","161.2","28.6","227.0","+66.0"
"162","","Eli Manning","NYG","QB23","9","109","244","163.7","22.5","182.0","+20.0"
"163","","Latavius Murray","MIN","RB53","10","103","226","156.7","23.1","139.0","-24.0"
"164","","Mohamed Sanu","ATL","WR62","8","78","263","155.3","38.4","159.0","-5.0"
"165","","DeSean Jackson","TB","WR63","5","90","243","156.1","35.9","166.0","+1.0"
"166","","Tyrell Williams","LAC","WR64","8","103","260","157.9","37.4","200.0","+34.0"
"167","","Los Angeles (LAC)","","DST5","8","114","286","163.6","28.0","147.0","-20.0"
"168","","Austin Hooper","ATL","TE23","8","99","264","166.2","31.2","172.0","+4.0"
"169","","Jordan Wilkins","IND","RB54","9","77","360","161.1","43.7","161.0","-8.0"
"170","","Case Keenum","DEN","QB24","10","67","217","167.2","25.4","201.0","+31.0"
"171","","Paul Richardson","WAS","WR65","4","103","269","161.0","38.6","171.0","0.0"
"172","","Houston (HOU)","","DST6","10","115","290","168.0","27.8","148.0","-24.0"
"173","","Nyheim Hines","IND","RB55","9","45","266","163.9","34.6","158.0","-15.0"
"174","","Andy Dalton","CIN","QB25","9","111","274","172.6","29.1","202.0","+28.0"
"175","","Austin Ekeler","LAC","RB56","8","86","278","167.7","39.6","193.0","+18.0"
"176","","Denver (DEN)","","DST7","10","113","265","169.1","26.2","154.0","-22.0"
"177","","John Ross","CIN","WR66","9","43","288","170.5","46.4","190.0","+13.0"
"178","","Javorius Allen","BAL","RB57","10","95","273","174.5","40.7","206.0","+28.0"
"179","","Ted Ginn","NO","WR67","6","111","273","172.0","39.9","187.0","+8.0"
"180","","Stephen Gostkowski","NE","K1","11","116","312","171.5","28.0","135.0","-45.0"
"181","","Jameis Winston","TB ","QB26","5","99","262","175.4","27.1","162.0","-19.0"
"182","","Baltimore (BAL)","","DST8","10","117","291","175.2","28.3","151.0","-31.0"
"183","","Frank Gore","MIA","RB58","11","95","236","168.8","26.7","219.0","+36.0"
"184","","Dez Bryant","FA","WR68","","57","280","159.8","45.5","152.0","-32.0"
"185","","Mike Gesicki","MIA","TE24","11","92","283","175.1","30.9","195.0","+10.0"
"186","","Danny Amendola","MIA","WR69","11","90","261","171.4","39.0","179.0","-7.0"
"187","","Justin Tucker","BAL","K2","10","118","316","175.4","29.1","141.0","-46.0"
"188","","Vance McDonald","PIT","TE25","7","112","246","178.2","31.0","209.0","+21.0"
"189","","Greg Zuerlein","LAR","K3","12","119","310","177.1","28.9","132.0","-57.0"
"190","","Doug Martin","OAK","RB59","7","121","263","177.4","30.0","165.0","-25.0"
"191","","Geronimo Allison","GB","WR70","7","73","256","173.8","37.4","204.0","+13.0"
"192","","Christian Kirk","ARI","WR71","9","104","255","176.8","35.0","189.0","-3.0"
"193","","T.J. Yeldon","JAC","RB60","9","115","267","184.2","33.8","210.0","+17.0"
"194","","Tyrod Taylor","CLE","QB27","11","94","250","183.1","30.2","225.0","+31.0"
"195","","LeGarrette Blount","DET","RB61","6","95","282","183.4","37.4","156.0","-39.0"
"196","","Matt Bryant","ATL","K4","8","122","363","184.0","33.6","176.0","-20.0"
"197","","Ryan Tannehill","MIA","QB28","11","69","325","187.8","31.8","223.0","+26.0"
"198","","New Orleans (NO)","","DST9","6","119","295","186.1","28.5","177.0","-21.0"
"199","","Ryan Grant","IND","WR72","9","106","268","181.6","40.2","286.0","+87.0"
"200","","Donte Moncrief","JAC","WR73","9","75","264","184.8","45.0","237.0","+37.0"
"201","","Samaje Perine","WAS","RB62","4","73","284","181.8","44.6","205.0","+4.0"
"202","","Quincy Enunwa","NYJ","WR74","11","101","261","186.5","38.9","245.0","+43.0"
"203","","D'Onta Foreman","HOU","RB63","10","123","260","184.8","34.3","160.0","-43.0"
"204","","Cole Beasley","DAL","WR75","8","90","274","184.2","42.1","247.0","+43.0"
"205","","Darren Sproles","PHI","RB64","9","122","265","187.9","35.3","250.0","+45.0"
"206","","Wil Lutz","NO","K5","6","126","361","188.9","32.6","181.0","-25.0"
"207","","Taywan Taylor","TEN","WR76","8","87","279","186.5","44.3","211.0","+4.0"
"208","","Courtland Sutton","DEN","WR77","10","107","268","190.6","38.2","198.0","-10.0"
"209","","Mike Wallace","PHI","WR78","9","73","278","193.5","40.4","244.0","+35.0"
"210","","New England (NE)","","DST10","11","125","306","192.5","28.4","178.0","-32.0"
"211","","Pittsburgh (PIT)","","DST11","7","130","356","195.9","33.3","197.0","-14.0"
"212","","Martavis Bryant","OAK","WR79","7","97","284","190.3","35.8","180.0","-32.0"
"213","","Hayden Hurst","BAL","TE26","10","115","321","193.8","39.7","203.0","-10.0"
"214","","James Washington","PIT","WR80","7","109","284","195.3","38.5","230.0","+16.0"
"215","","Robert Kelley","WAS","RB65","4","116","280","191.4","38.5","188.0","-27.0"
"216","","Seattle (SEA)","","DST12","7","127","346","199.2","39.8","224.0","+8.0"
"217","","Carolina (CAR)","","DST13","4","130","313","197.0","30.4","192.0","-25.0"
"218","","Spencer Ware","KC","RB66","12","129","258","198.0","36.6","218.0","0.0"
"219","","Kenneth Dixon","BAL","RB67","10","106","273","190.3","36.9","233.0","+14.0"
"220","","Jake Elliott","PHI","K6","9","133","547","204.7","55.5","194.0","-26.0"
"221","","Matt Prater","DET","K7","6","132","328","199.0","30.5","222.0","+1.0"
"222","","Chris Ivory","BUF","RB68","11","143","279","197.0","30.9","229.0","+7.0"
"223","","Jermaine Kearse","NYJ","WR81","11","117","275","207.5","41.5","253.0","+30.0"
"224","","Chicago (CHI)","","DST14","5","135","302","202.7","28.7","228.0","+4.0"
"225","","Dan Bailey","DAL","K8","8","129","362","205.0","35.9","208.0","-17.0"
"226","","Albert Wilson","MIA","WR82","11","125","279","205.5","38.4","270.0","+44.0"
"227","","Corey Coleman","BUF","WR83","11","116","270","201.2","41.0","268.0","+41.0"
"228","","Kalen Ballage","MIA","RB69","11","113","483","217.2","65.2","236.0","+8.0"
"229","","Atlanta (ATL)","","DST15","8","141","339","205.9","31.5","249.0","+20.0"
"230","","Chris Boswell","PIT","K9","7","135","370","204.8","33.5","185.0","-45.0"
"231","","Kansas City (KC)","","DST16","12","134","382","208.9","38.9","221.0","-10.0"
"232","","Jeremy Hill","NE","RB70","11","120","478","225.7","63.3","220.0","-12.0"
"233","","Joe Flacco","BAL","QB29","10","118","282","209.9","33.3","238.0","+5.0"
"234","","Chase Edmonds","ARI","RB71","9","106","275","214.5","47.1","259.0","+25.0"
"235","","Alfred Morris","SF","RB72","11","125","312","215.7","52.8","298.0","+63.0"
"236","","Harrison Butker","KC","K10","12","136","371","205.8","33.2","191.0","-45.0"
"237","","Brandon Marshall","SEA","WR84","7","108","281","211.6","44.5","261.0","+24.0"
"238","","Arizona (ARI)","","DST17","9","138","319","209.3","31.5","214.0","-24.0"
"239","","Jonathan Williams","NO","RB73","6","130","367","223.1","58.2","338.0","+99.0"
"240","","Mason Crosby","GB","K11","7","140","365","209.9","32.4","216.0","-24.0"
"241","","Green Bay (GB)","","DST18","7","144","358","222.4","40.7","275.0","+34.0"
"242","","Wayne Gallman","NYG","RB74","9","126","335","220.8","43.2","304.0","+62.0"
"243","","Dante Pettis","SF","WR85","11","110","366","217.9","45.1","254.0","+11.0"
"244","","Corey Grant","JAC","RB75","9","119","289","226.6","46.4","305.0","+61.0"
"245","","James Conner","PIT","RB76","7","117","316","240.1","56.8","212.0","-33.0"
"246","","Jake Butt","DEN","TE27","10","125","304","220.8","39.1","271.0","+25.0"
"247","","Vernon Davis","WAS","TE28","4","144","304","222.1","38.4","280.0","+33.0"
"248","","Robbie Gould","SF","K12","11","147","372","212.2","36.1","215.0","-33.0"
"249","","Willie Snead","BAL","WR86","10","97","300","218.8","41.5","277.0","+28.0"
"250","","Luke Willson","DET","TE29","6","138","287","220.6","37.5","297.0","+47.0"
"251","","Sam Bradford","ARI","QB30","9","143","473","223.9","48.8","263.0","+12.0"
"252","","John Kelly","LAR","RB77","12","137","313","247.4","52.2","267.0","+15.0"
"253","","C.J. Prosise","SEA","RB78","7","151","432","241.8","54.3","303.0","+50.0"
"254","","Graham Gano","CAR","K13","4","146","386","220.7","36.0","234.0","-20.0"
"255","","Nick Vannett","SEA","TE30","7","144","309","229.2","49.7","351.0","+96.0"
"256","","Terrance Williams","DAL","WR87","8","122","292","222.1","35.0","241.0","-15.0"
"257","","New York (NYG)","","DST19","9","140","359","228.2","41.7","296.0","+39.0"
"258","","Tyler Kroft","CIN","TE31","9","145","336","235.9","42.9","324.0","+66.0"
"259","","Tennessee (TEN)","","DST20","8","170","357","223.6","40.4","213.0","-46.0"
"260","","Terrelle Pryor","NYJ","WR88","11","138","278","226.8","40.7","251.0","-9.0"
"261","","Phillip Dorsett","NE","WR89","11","125","325","237.6","56.5","314.0","+53.0"
"262","","Brandon McManus","DEN","K14","10","152","367","234.6","43.5","273.0","+11.0"
"263","","Adam Vinatieri","IND","K15","9","143","369","221.7","35.0","217.0","-46.0"
"264","","Ryan Succop","TEN","K16","8","154","388","223.8","40.7","243.0","-21.0"
"265","","Lamar Jackson","BAL","QB31","10","150","526","258.6","76.6","231.0","-34.0"
"266","","Kai Forbath","FA","K17","","148","288","231.5","44.2","265.0","-1.0"
"267","","Rod Smith","DAL","RB79","8","153","326","255.9","48.4","272.0","+5.0"
"268","","Cincinnati (CIN)","","DST21","9","149","320","230.3","36.6","309.0","+41.0"
"269","","Dallas Goedert","PHI","TE32","9","154","319","234.1","44.5","260.0","-9.0"
"270","","Ka'imi Fairbairn","HOU","K18","10","164","391","253.8","55.1","242.0","-28.0"
"271","","Sam Darnold","NYJ","QB32","11","162","302","239.2","39.3","226.0","-45.0"
"272","","Tre'Quan Smith","NO","WR90","6","157","323","239.0","42.3","257.0","-15.0"
"273","","Tyler Boyd","CIN","WR91","9","119","301","228.8","44.2","402.0","+129.0"
"274","","Christine Michael","IND","RB80","9","137","353","250.6","73.1","362.0","+88.0"
"275","","Detroit (DET)","","DST22","6","144","374","257.5","54.8","258.0","-17.0"
"276","","Blake Jarwin","DAL","TE33","8","135","338","241.1","46.9","327.0","+51.0"
"277","","Josh Allen","BUF","QB33","11","171","329","245.7","49.3","278.0","+1.0"
"278","","Ameer Abdullah","DET","RB81","6","147","347","250.3","46.7","292.0","+14.0"
"279","","Josh Lambo","JAC","K19","9","162","376","240.2","44.4","256.0","-23.0"
"280","","Chester Rogers","IND","WR92","9","152","302","257.1","42.7","337.0","+57.0"
"281","","Elijah McGuire","NYJ","RB82","11","158","408","255.2","45.8","300.0","+19.0"
"282","","Jordan Matthews","FA","WR93","","141","288","237.6","49.3","232.0","-50.0"
"283","","Daniel Carlson","MIN","K20","10","168","390","247.0","52.7","248.0","-35.0"
"284","","Steven Hauschka","BUF","K21","11","158","393","270.3","60.8","291.0","+7.0"
"285","","Cairo Santos","FA","K22","","162","324","252.0","49.5","329.0","+44.0"
"286","","Buffalo (BUF)","","DST23","11","163","379","255.8","50.6","288.0","+2.0"
"287","","Mack Hollins","PHI","WR94","9","143","379","268.0","53.4","416.0","+129.0"
"288","","Taylor Gabriel","CHI","WR95","5","123","293","252.2","38.5","299.0","+11.0"
"289","","Charles Sims","TB","RB83","5","148","316","262.5","49.0","318.0","+29.0"
"290","","Dallas (DAL)","","DST24","8","161","381","263.6","59.5","255.0","-35.0"
"291","","Jaron Brown","SEA","WR96","7","132","304","250.4","33.4","344.0","+53.0"
"292","","Cleveland (CLE)","","DST25","11","172","378","260.0","60.9","276.0","-16.0"
"293","","Tavon Austin","DAL","WR97","8","127","326","263.4","43.5","264.0","-29.0"
"294","","Antonio Gates","FA","TE34","","168","331","246.9","39.7","289.0","-5.0"
"295","","Ed Dickson","SEA","TE35","7","163","318","253.1","39.5","262.0","-33.0"
"296","","Cordarrelle Patterson","NE","WR98","11","142","457","250.7","76.0","283.0","-13.0"
"297","","Kyle Juszczyk","SF","RB84","11","159","348","265.0","50.8","",""
"298","","Jeremy Maclin","FA","WR99","","138","272","246.6","44.4","310.0","+12.0"
"299","","Alfred Blue","HOU","RB85","10","139","403","289.8","52.6","424.0","+125.0"
"300","","Ryan Griffin","HOU","TE36","10","160","338","250.3","47.0","290.0","-10.0"
"301","","Josh McCown","NYJ","QB34","11","156","520","274.2","69.4","323.0","+22.0"
"302","","Robert Turbin","IND ","RB86","9","158","373","297.1","52.2","339.0","+37.0"
"303","","Mark Walton","CIN","RB87","9","144","488","313.4","68.2","357.0","+54.0"
"304","","Trent Taylor","SF","WR100","11","177","305","253.6","36.9","326.0","+22.0"
"305","","San Francisco (SF)","","DST26","11","170","360","280.7","57.9","308.0","+3.0"
"306","","Washington (WAS)","","DST27","4","177","380","267.8","56.0","306.0","0.0"
"307","","D.J. Chark","JAC","WR101","9","171","440","259.0","70.2","279.0","-28.0"
"308","","Antonio Callaway","CLE","WR102","11","173","296","245.3","34.1","269.0","-39.0"
"309","","Kevin White","CHI","WR103","5","156","376","261.1","54.7","321.0","+12.0"
"310","","C.J. Fiedorowicz","FA","TE37","","158","246","215.7","40.8","",""
"311","","Joe Williams","SF","RB88","11","177","352","274.6","45.9","346.0","+35.0"
"312","","Jonnu Smith","TEN","TE38","8","161","364","264.6","52.1","330.0","+18.0"
"313","","Garrett Celek","SF","TE39","11","161","333","274.8","49.7","349.0","+36.0"
"314","","Brice Butler","ARI","WR104","9","164","321","267.1","33.2","355.0","+41.0"
"315","","Teddy Bridgewater","NYJ","QB35","11","167","400","291.8","61.1","375.0","+60.0"
"316","","Damien Williams","KC","RB89","12","167","411","294.4","71.2","",""
"317","","Jesse James","PIT","TE40","7","170","337","259.4","36.2","295.0","-22.0"
"318","","Nick Boyle","BAL","TE41","10","170","342","262.0","70.7","",""
"319","","DeAndre Washington","OAK","RB90","7","170","368","284.4","37.7","399.0","+80.0"
"320","","Oakland (OAK)","","DST28","7","188","384","276.3","77.4","317.0","-3.0"
"321","","Jalen Richard","OAK","RB91","7","184","355","272.4","42.5","350.0","+29.0"
"322","","Phillip Lindsay","DEN","RB92","10","183","355","243.3","79.0","413.0","+91.0"
"323","","Baker Mayfield","CLE","QB36","11","186","521","280.3","60.7","186.0","-137.0"
"324","","Gerald Everett","LAR","TE42","12","181","349","249.3","35.2","315.0","-9.0"
"325","","Adam Shaheen","CHI","TE43","5","180","290","249.5","30.1","320.0","-5.0"
"326","","Miami (MIA)","","DST29","11","187","383","297.7","79.0","",""
"327","","Travis Benjamin","LAC","WR105","8","188","308","269.0","33.1","293.0","-34.0"
"328","","Jonathan Stewart","NYG","RB93","9","183","328","263.3","33.1","252.0","-76.0"
"329","","Jaylen Samuels","PIT","TE44","7","183","359","263.8","68.6","285.0","-44.0"
"330","","Josh Rosen","ARI","QB37","9","183","351","277.5","43.0","235.0","-95.0"
"331","","Tampa Bay (TB)","","DST30","5","191","375","264.3","55.8","312.0","-19.0"
"332","","Jacquizz Rodgers","TB","RB94","5","185","389","300.6","51.2","341.0","+9.0"
"333","","Ryan Fitzpatrick","TB","QB38","5","185","507","308.6","89.8","343.0","+10.0"
"334","","Stephen Anderson","HOU","TE45","10","186","430","264.4","48.4","294.0","-40.0"
"335","","Zay Jones","BUF","WR106","11","190","292","254.2","27.3","322.0","-13.0"
"336","","Tajae Sharpe","TEN","WR107","8","192","351","274.0","65.0","406.0","+70.0"
"337","","Josh Hill","NO","TE46","6","197","327","258.5","50.3","",""
"338","","Caleb Sturgis","LAC","K23","8","193","394","268.5","48.2","415.0","+77.0"
"339","","Nick Foles","PHI","QB39","9","194","522","330.6","93.7","287.0","-52.0"
"340","","Dustin Hopkins","WAS","K24","4","196","395","284.3","49.7","316.0","-24.0"
"341","","Virgil Green","LAC","TE47","8","197","301","245.9","28.8","311.0","-30.0"
"342","","Phil Dawson","ARI","K25","9","197","389","286.4","44.1","332.0","-10.0"
"343","","Marquez Valdes-Scantling","GB","WR108","7","198","388","273.8","65.7","409.0","+66.0"
"344","","Kendall Wright","MIN","WR109","10","198","340","278.8","34.9","390.0","+46.0"
"345","","Boston Scott","NO","RB95","6","199","506","329.8","86.6","",""
"346","","Jeremy McNichols","SF","RB96","11","217","292","254.5","37.5","423.0","+77.0"
"347","","Blair Walsh","FA","K26","","201","320","262.2","47.5","",""
"348","","Cody Latimer","NYG","WR110","9","203","366","268.3","48.9","364.0","+16.0"
"349","","J.J. Nelson","ARI","WR111","9","205","307","269.0","30.2","356.0","+7.0"
"350","","Mark Andrews","BAL","TE48","10","205","334","270.0","43.3","325.0","-25.0"
"351","","Keke Coutee","HOU","WR112","10","203","404","272.9","46.9","319.0","-32.0"
"352","","Kenny Britt","FA","WR113","","249","318","277.0","20.4","328.0","-24.0"
"353","","Jeff Heuerman","DEN","TE49","10","212","342","277.2","44.7","385.0","+32.0"
"354","","Chris Herndon IV","NYJ","TE50","11","244","333","278.6","30.9","",""
"355","","Tyler Higbee","LAR","TE51","12","236","353","279.3","35.1","414.0","+59.0"
"356","","Curtis Samuel","CAR","WR114","4","213","311","279.8","28.6","340.0","-16.0"
"357","","Torrey Smith","CAR","WR115","4","237","331","280.9","24.5","307.0","-50.0"
"358","","Bo Scarbrough","DAL","RB97","8","225","326","281.0","42.0","284.0","-74.0"
"359","","Equanimeous St. Brown","GB","WR116","7","242","397","281.1","43.7","397.0","+38.0"
"360","","Chad Williams","ARI","WR117","9","217","395","281.5","37.0","365.0","+5.0"
"361","","New York (NYJ)","","DST31","11","207","377","283.3","61.7","",""
"362","","Laquon Treadwell","MIN","WR118","10","229","344","284.4","34.0","372.0","+10.0"
"363","","Adam Humphries","TB","WR119","5","217","401","285.5","55.0","360.0","-3.0"
"364","","Jakeem Grant","MIA","WR120","11","212","337","286.3","53.7","374.0","+10.0"
"365","","Jeremy Kerley","BUF","WR121","11","240","354","287.0","46.5","",""
"366","","Ryan Switzer","PIT","WR122","7","213","335","289.7","43.5","282.0","-84.0"
"367","","De'Angelo Henderson","DEN","RB98","10","212","324","290.9","32.0","313.0","-54.0"
"368","","Daurice Fountain","IND","WR123","9","213","370","291.5","78.5","",""
"369","","Breshad Perriman","BAL","WR124","10","259","323","293.0","26.3","",""
"370","","Jordan Akins","HOU","TE52","10","204","384","294.5","64.5","387.0","+17.0"
"371","","Mike Gillislee","NE","RB99","11","227","414","295.3","43.8","363.0","-8.0"
"372","","Cody Parkey","CHI","K27","5","202","396","295.8","49.5","",""
"373","","Shane Vereen","NO","RB100","6","265","358","296.3","43.6","",""
"374","","Clive Walford","NYJ","TE53","11","227","393","296.8","63.7","422.0","+48.0"
"375","","Eli Rogers","PIT ","WR125","7","291","303","297.0","6.0","",""
"376","","Bruce Ellington","HOU","WR126","10","245","368","297.7","51.7","",""
"377","","Jermaine Gresham","ARI","TE54","9","259","367","299.7","41.3","",""
"378","","Michael Roberts","DET","TE55","6","267","346","300.7","33.3","368.0","-10.0"
"379","","Nick O'Leary","BUF","TE56","11","276","334","300.7","24.5","",""
"380","","Chandler Catanzaro","TB","K28","5","204","392","301.4","42.1","441.0","+61.0"
"381","","Keith Smith","OAK","RB101","7","269","335","303.4","25.1","",""
"382","","A.J. Derby","MIA","TE57","11","264","369","303.7","46.5","",""
"383","","Braedon Bowman","LAC","TE58","8","277","332","304.5","27.5","",""
"384","","Terrance West","FA","RB102","","248","355","304.6","30.2","432.0","+48.0"
"385","","Chris Conley","KC","WR127","12","263","350","306.2","30.4","",""
"386","","Justin Jackson","LAC","RB103","8","224","420","306.9","41.1","334.0","-52.0"
"387","","Pharoh Cooper","LAR","WR128","12","237","378","307.5","70.5","207.0","-180.0"
"388","","Jordan Leggett","NYJ","TE59","11","224","382","307.6","53.2","",""
"389","","Orleans Darkwa","FA","RB104","","233","336","307.8","34.6","359.0","-30.0"
"390","","Sebastian Janikowski","SEA","K29","7","269","387","308.8","45.9","353.0","-37.0"
"391","","Marcedes Lewis","GB","TE60","7","292","338","310.0","20.1","440.0","+49.0"
"392","","Travaris Cadet","BUF","RB105","11","265","354","310.9","24.4","274.0","-118.0"
"393","","Mike Davis","SEA","RB106","7","232","480","310.9","53.0","",""
"394","","DaeSean Hamilton","DEN","WR129","10","271","350","313.8","29.2","391.0","-3.0"
"395","","Ito Smith","ATL","RB107","8","207","486","314.3","89.3","352.0","-43.0"
"396","","TJ Jones","DET","WR130","6","242","362","315.3","52.5","",""
"397","","Kamar Aiken","PHI","WR131","9","293","341","317.0","24.0","",""
"398","","Chris Moore","BAL","WR132","10","274","365","317.3","37.8","",""
"399","","AJ McCarron","BUF","QB40","11","253","519","317.3","85.1","342.0","-57.0"
"400","","Demarcus Robinson","KC","WR133","12","269","372","318.5","37.4","",""
"401","","J'Mon Moore","GB","WR134","7","258","389","319.0","54.5","331.0","-70.0"
"402","","Brandon LaFell","FA","WR135","","287","352","319.5","32.5","347.0","-55.0"
"403","","Aldrick Rosas","NYG","K30","9","279","398","321.0","54.5","403.0","0.0"
"404","","Indianapolis (IND)","","DST32","9","219","385","321.3","73.1","",""
"405","","Josh Malone","CIN","WR136","9","258","377","322.7","49.1","",""
"406","","Malcolm Brown","LAR","RB108","12","221","425","322.8","55.6","393.0","-13.0"
"407","","Demetrius Harris","KC ","TE61","12","289","374","323.3","31.6","",""
"408","","Trey Quinn","WAS","WR137","4","308","339","323.5","15.5","",""
"409","","Josh Reynolds","LAR","WR138","12","284","362","325.3","32.0","",""
"410","","Logan Paulsen","ATL","TE62","8","314","340","327.0","13.0","",""
"411","","Seth Roberts","OAK","WR139","7","303","342","327.3","17.3","404.0","-7.0"
"412","","Rashard Higgins","CLE","WR140","11","297","377","329.0","34.6","405.0","-7.0"
"413","","Roger Lewis","NYG","WR141","9","301","398","329.3","40.1","",""
"414","","Seth DeValve","CLE","TE63","11","306","349","330.7","18.1","",""
"415","","Charcandrick West","NYJ","RB109","11","260","515","331.4","95.4","438.0","+23.0"
"416","","Rico Gathers","DAL","TE64","8","286","373","332.0","28.7","266.0","-150.0"
"417","","Marcell Ateman","OAK","WR142","7","267","401","334.0","67.0","",""
"418","","Thomas Rawls","NYJ","RB110","11","237","512","335.4","73.9","412.0","-6.0"
"419","","Dalton Schultz","DAL","TE65","8","327","347","337.0","10.0","",""
"420","","Jarius Wright","CAR","WR143","4","301","374","337.5","36.5","",""
"421","","Niles Paul","JAC","TE66","9","298","387","338.3","36.8","",""
"422","","Rhett Ellison","NYG","TE67","9","338","340","339.0","1.0","",""
"423","","Randy Bullock","CIN","K31","9","283","397","340.0","57.0","",""
"424","","Dwayne Allen","NE","TE68","11","317","363","340.0","23.0","354.0","-70.0"
"425","","Wendell Smallwood","PHI","RB111","9","273","493","341.4","86.7","",""
"426","","Michael Campanaro","TEN","WR144","8","320","363","341.5","21.5","",""
"427","","Tyler Ervin","HOU","RB112","10","315","375","345.0","30.0","384.0","-43.0"
"428","","J.D. McKissic","SEA","RB113","7","274","502","346.2","82.7","358.0","-70.0"
"429","","Jacob Hollister","NE","TE69","11","290","404","347.0","57.0","439.0","+10.0"
"430","","Justin Hardy","ATL","WR145","8","311","383","347.0","36.0","427.0","-3.0"
"431","","Jacoby Brissett","IND","QB41","9","250","527","350.0","89.5","348.0","-83.0"
"432","","Sean Culkin","LAC","TE70","8","349","359","354.0","5.0","",""
"433","","Cameron Artis-Payne","CAR","RB114","4","216","467","354.8","90.6","301.0","-132.0"
"434","","Derek Carrier","OAK","TE71","7","324","390","357.0","33.0","",""
"435","","De'Anthony Thomas","KC","WR146","12","344","370","357.0","13.0","",""
"436","","Amara Darboh","SEA","WR147","7","284","416","357.3","54.2","",""
"437","","Levine Toilolo","DET","TE72","6","341","375","358.0","17.0","",""
"438","","Benny Cunningham","CHI","RB115","5","324","450","366.0","51.4","",""
"439","","Akrum Wadley","TEN","RB116","8","249","484","366.5","117.5","",""
"440","","Tre McBride","NYJ","WR148","11","266","472","369.0","103.0","",""
"441","","Andre Holmes","BUF","WR149","11","299","446","373.7","60.0","",""
"442","","Zach Line","NO","RB117","6","373","381","377.0","4.0","",""
"443","","Malcolm Mitchell","FA","WR150","","282","477","379.5","97.5","371.0","-72.0"
"444","","Darrius Heyward-Bey","PIT","WR151","7","294","474","384.0","90.0","",""
"445","","Deonte Thompson","DAL","WR152","8","343","435","389.0","46.0","398.0","-47.0"
"446","","Jaleel Scott","BAL","WR153","10","371","408","389.5","18.5","",""
"447","","ArDarius Stewart","NYJ ","WR154","11","344","447","395.5","51.5","",""
"448","","Tion Green","FA","RB118","","276","516","396.0","120.0","",""
"449","","T.J. Logan","ARI","RB119","9","309","497","403.0","94.0","",""
"450","","Mack Brown","MIN","RB120","10","403","406","404.5","1.5","",""
"451","","Trey Edmunds","NO","RB121","6","332","479","405.5","73.5","",""
"452","","Carlos Henderson","DEN","WR155","10","347","470","408.5","61.5","",""
"453","","Chad Kelly","DEN","QB42","10","296","534","412.3","97.2","",""
"454","","Aldrick Robinson","SF","WR156","11","388","469","428.5","40.5","",""
""
""
